Id,Common Name
s_1558,Abdominal guarding
s_299,Abdominal mass
s_1293,Abdominal mass/after pregnancy or the removal of molar pregnancy
s_13,Abdominal pain
s_1802,Abdominal pain/burning or gnawing
s_1848,Abdominal pain/colicky
s_1860,Abdominal pain/crampy
s_1557,Abdominal pain/diffuse
s_1387,Abdominal pain/epigastric
s_1207,Abdominal pain/exacerbating after caffeine consumption
s_15,Abdominal pain/exacerbating during coughing or movement
s_1202,Abdominal pain/exacerbating during deep breath
s_14,Abdominal pain/exacerbating on an empty stomach
s_1844,Abdominal pain/gradual onset
s_1852,Abdominal pain/lasting 2 to 7 days
s_1853,Abdominal pain/lasting 8 to 14 days
s_1840,Abdominal pain/lasting less than two days
s_1842,Abdominal pain/lasting more than two weeks
s_1729,Abdominal pain/left lower quadrant
s_1854,Abdominal pain/left side
s_1591,Abdominal pain/left upper quadrant
s_1851,Abdominal pain/migratory
s_1782,Abdominal pain/mild
s_1783,Abdominal pain/moderate
s_1598,Abdominal pain/pelvic
s_1532,Abdominal pain/periumbilical
s_16,Abdominal pain/postprandial
s_17,Abdominal pain/premenstrual
s_1845,Abdominal pain/radiating to left shoulder or shoulder blade
s_1846,Abdominal pain/radiating to lower or middle part of back
s_471,Abdominal pain/radiating to right shoulder or shoulder blade
s_1847,Abdominal pain/recurrent
s_57,Abdominal pain/reduced by defecation or relieving flatulence
s_1531,Abdominal pain/right lower quadrant
s_1855,Abdominal pain/right side
s_1528,Abdominal pain/right upper quadrant
s_1195,Abdominal pain/severe
s_1369,Abdominal pain/sharp and stabbing
s_1843,Abdominal pain/sudden onset
s_1929,Abdominal pain/unbearable
s_1514,Abdominal tenderness
s_1589,Abdominal tenderness/left upper quadrant
s_1392,Abdominal tenderness/right upper quadrant
s_1400,Abdominal tenderness/suprapubic
s_1419,Abnormal foveal avascular zone
s_328,Abnormal vaginal discharge
s_598,Abscess
s_1072,Absence of deep reflexes
s_1502,Achilles tendon hyperreflexia
s_2121,Acid reflux
s_1973,Active wound bleeding
s_3,Activity related to sex despite negative consequences
s_1111,Adenoid face
s_145,Agitation
s_833,Agnosia
s_884,Agoraphobia
s_1012,Agraphia
s_817,Alcohol craving
s_588,Alcohol tolerance
s_818,Alcohol withdrawal syndrome
s_1019,Allelomimetic behavior/allomimetic behavior
s_1272,Allen-Cleckley sign
s_837,Alogia
s_1728,Altered defecation rhythm
s_1457,Amenorrhea
s_1458,Amenorrhea/primary
s_1370,Amenorrhea/secondary/for at least 12 months
s_1032,Amusia
s_147,Anemia
s_608,Angular cheilitis
s_508,Anhedonia
s_1123,Anhidrosis
s_669,Anhidrosis/face/unilateral
s_497,Anisocoria
s_1647,Annular skin lesions
s_1030,Anomic aphasia
s_436,Anorectal pain
s_120,Anxiety
s_582,Anxiety attack
s_4,Apathy
s_969,Aphasia
s_477,Aphonia
s_1269,Aponeurotic reflex
s_6,Appetite for salty foods
s_1010,Apraxia
s_1292,Arthropathy
s_1116,Ascites
s_380,Asymmetry of a skin mole or birthmark
s_651,Ataxia
s_1120,Atonic bladder
s_1117,Atrophy or diminishing of both testicles
s_1028,Auditory verbal agnosia
s_857,Auscultative fine crackles over the thorax
s_1316,Auscultative rhonchi over the thorax
s_856,Auscultative wheezes over the thorax
s_710,Avoiding actions/places/or people that bring back memories of trauma
s_718,Avoiding eating and drinking in public
s_719,Avoiding eating in someone's presence
s_717,Avoiding public appearances
s_720,Avoiding talking to authority figures
s_709,Avoiding thoughts/feelings/conversations related to traumatic experience
s_1322,Axillary or inguinal freckles
s_1023,Babinski sign
s_1190,Back pain
s_159,Back pain/exacerbated by physical exertion
s_1206,Back pain/improves with rest
s_1205,Back pain/lasting several hours
s_53,Back pain/lumbar
s_1339,Back pain/lumbar/exacerbating during the night
s_38,Back pain/lumbar/radiates to back of the thigh
s_663,Back pain/lumbar/radiating to the groin
s_1189,Back pain/recurrent
s_1192,Back pain/severe
s_1198,Back pain/sudden
s_1772,Back pain/thoracic
s_2085,Back pain/worsens on palpation
s_842,Behavioral changes/ignoring consequences and social norms
s_348,Behavioral changes/personality
s_561,Belching
s_1073,Bilateral absence of Achilles tendon reflex
s_1011,Bilateral limb apraxia
s_1291,Bilateral muscle paralysis
s_1257,Bing sign
s_137,Binge-eating attacks
s_769,Bizarre delusion
s_71,Black stools
s_435,Bladder not emptying completely
s_1119,Bladder sphincter dysfunction
s_152,Bleeding after intercourse
s_115,Bleeding from anus
s_111,Bleeding gums
s_1386,Bleeding into muscles
s_192,Blepharoptosis
s_1934,Blindness
s_1807,Blisters
s_309,Bloating
s_112,Blood in stool
s_113,Blood in urine
s_771,Blunted affect
s_1835,Body aches
s_1224,Bone deformation
s_612,Bone pain
s_2070,Bone pain/lasting less than a week
s_2071,Bone pain/lasting longer than a week
s_641,Bowel incontinence
s_1553,Bowel sounds/decreased
s_1552,Bowel sounds/hyperactive/high-pitched
s_534,Bradycardia
s_1480,Breast tenderness
s_609,Breast tightness or pain
s_1947,Broken bone
s_1671,Broken hair
s_1310,Brown nail discoloration
s_1690,Brudzinski sign
s_1960,Bruise after trauma
s_1013,Buccofacial or orofacial apraxia
s_1803,Bulla
s_2040,Burn involving face/hands/feet/genitalia/or major joints
s_1165,Burning skin
s_1684,Burning skin/face
s_200,Burning tongue
s_1918,Buttocks pain
s_1330,Café au lait macules
s_1168,Calcification of the tympanic membrane
s_117,Calf muscle spasms
s_1720,Cardiac murmurs
s_811,Cardiomegaly
s_1576,Carotid bruit
s_589,Ceasing or limiting alcohol consumption
s_996,Cervical dystonia
s_1258,Chaddock sign
s_585,Change in color of a skin mole or birthmark
s_346,Change in color of a tooth
s_345,Change in handwriting
s_584,Change in shape of a skin mole or birthmark
s_1989,Chemical or electrical burn
s_1091,Chemosis
s_50,Chest pain
s_2096,Chest pain/burning
s_31,Chest pain/continues after rest
s_51,Chest pain/diffuse
s_35,Chest pain/during exertion
s_2051,Chest pain/exacerbated by chest wall movement
s_1763,Chest pain/exacerbated by stress
s_2006,Chest pain/exacerbating when lying down
s_30,Chest pain/exacerbating with deep breath or cough
s_2019,Chest pain/lasting between 30 minutes and 8 hours
s_2018,Chest pain/lasting less than 30 minutes
s_2022,Chest pain/lasting over 8 hours
s_2112,Chest pain/pleuritic
s_1925,Chest pain/pressure
s_37,Chest pain/radiating between shoulder blades
s_2074,Chest pain/radiating to left upper limb
s_36,Chest pain/radiating to neck
s_1952,Chest pain/recurrent
s_1197,Chest pain/severe
s_1601,Chest pain/stabbing
s_48,Chest pain/subsides during rest
s_1509,Chest pain/substernal
s_1200,Chest pain/sudden
s_1178,Chest pain/worsens on palpation
s_1580,Chest pain/worsens on palpation of costochondral joints
s_1546,Cheyne-Stokes respiration
s_81,Chills
s_1456,Chorea
s_867,Chvostek sign
s_195,Cigarette smoking
s_196,Cigarette smoking during illness
s_1281,Clasp-knife spasticity
s_734,Claudication in upper leg
s_1094,Clearing the throat
s_429,Clicking sounds in the jaw joint when opening or closing the mouth
s_276,Clogged ear
s_288,Close family or friends pointing out excessive drinking
s_869,Club-foot
s_610,Coated tonsils
s_1184,Coating on tongue
s_2108,Cognitive disturbances
s_1283,Cogwheel muscle rigidity
s_1926,Cold and clammy skin
s_408,Cold feet and toes
s_556,Cold hands or fingers
s_118,Cold sensitivity
s_1328,Color vision deficiency
s_2109,Coma
s_303,Compulsive behavior
s_831,Confabulation
s_1345,Confusion (trauma related)
s_1212,Conjunctival pallor
s_1214,Conjunctival pallor/sudden
s_2034,Consciousness disturbances
s_2072,Consciousness disturbances/acute
s_2073,Consciousness disturbances/chronic
s_181,Constant need for sex
s_329,Constipation
s_1549,Constipation/long-lasting
s_635,Contentiousness
s_1228,Convergent strabismus
s_1676,Corn or callus
s_1268,Corneal reflex weak or absent
s_1273,Cornell's sign
s_102,Cough
s_105,Cough/dry
s_103,Cough/lasting less than three weeks
s_106,Cough/lasting more than eight weeks
s_1858,Cough/lasting three to eight weeks
s_1985,Cough/nocturnal
s_1924,Cough/paroxysmal
s_104,Cough/productive
s_662,Cough/productive in the morning
s_670,Cough/productive with pink/frothy sputum
s_526,Cough/productive with yellow or green sputum
s_270,Creaking of joint during movement
s_242,Crowding of teeth
s_437,Cyanosis
s_1105,Cyanosis under the eyes
s_553,Cyanosis/fingers
s_1750,Cyanosis/fingers/after exposure to stress or cold
s_1413,Cystoid macular edema
s_1338,Damage to 2 separate areas of innervation
s_1555,Dance's sign
s_1616,Dandruff
s_1171,Darier sign
s_611,Dark urine
s_1417,Dark-red spots in optic disc vessels
s_967,Decrease of visual acuity
s_357,Decreased breast size
s_208,Decreased hearing
s_1484,Decreased hearing/progressive hearing loss
s_1538,Decreased hearing/sudden hearing loss
s_935,Decreased hearing/variable intensity and duration
s_1693,Decreased intensity of breath sounds
s_1395,Decreased intensity of breath sounds/right basilar lung zones
s_236,Decreased libido
s_661,Decreased motivation
s_634,Decreased need for sleep
s_535,Decreased pupillary light reflex
s_697,Decreased skin turgor
s_1151,Decreased tear production
s_1277,Decreased tongue motility
s_97,Deep filling of treated tooth
s_652,Deep tendon reflexes/decreased
s_878,Deep tendon reflexes/increased
s_108,Deepening of periodontal pockets
s_422,Deepening of voice
s_768,Delusion of guilt or sin
s_774,Delusion of impoverishment
s_2098,Delusions
s_677,Delusions of grandeur
s_680,Delusions of influence
s_675,Delusions of persecution
s_676,Delusions of reference
s_839,Delusions of thought insertion/thought withdrawal/thought broadcasting
s_1409,Demarcation of retinal detachment (pigmented or nonpigmented)
s_1106,Dennie-Morgan fold
s_203,Dental plaque
s_169,Depressed mood
s_916,Depressed mood/persistent
s_241,Dermatological changes
s_1761,Dermatological changes/aggravated by stress
s_352,Dermatological changes/at the point of contact with buttons/fasteners/or cosmetics
s_1602,Dermatological changes/chancre
s_398,Dermatological changes/entire skin
s_1692,Dermatological changes/exacerbated by alcohol consumption
s_483,Dermatological changes/eyelid
s_1923,Dermatological changes/feet
s_2110,Dermatological changes/female genital area
s_245,Dermatological changes/forming a crust
s_350,Dermatological changes/forming a line
s_1982,Dermatological changes/hands
s_390,Dermatological changes/localization near sebaceous glands
s_694,Dermatological changes/located in the mouth
s_1808,Dermatological changes/located on the face
s_2111,Dermatological changes/male genital area
s_1571,Dermatological changes/painful
s_400,Dermatological changes/preceded by pain or itching
s_402,Dermatological changes/recurring during infections or menstrual period
s_404,Dermatological changes/rough and irregular surface
s_1191,Dermatological changes/with flare-ups and remissions
s_1957,Destructive thoughts towards other people or things
s_728,Destructive thoughts/of harming one's child
s_729,Destructive thoughts/of wanting to kill one's child
s_8,Diarrhea
s_412,Diarrhea/foamy
s_1850,Diarrhea/lasting more than 14 days
s_1849,Diarrhea/lasting up to 14 days
s_1121,Diarrhea/mainly at night
s_1979,Diarrhea/more than 6 stools a day
s_1376,Diarrhea/rice water
s_1798,Difference in size of testicles
s_1574,Difficulty achieving orgasm
s_269,Difficulty acquiring new information
s_266,Difficulty biting and chewing
s_727,Difficulty bonding with infant
s_1154,Difficulty completely closing one eye
s_267,Difficulty determining which tooth aches
s_134,Difficulty not smoking first cigarette of the day
s_265,Difficulty refraining from smoking cigarettes where not permitted
s_263,Difficulty retracting foreskin
s_284,Diminished appetite
s_968,Diminished eye motility in the same direction
s_1035,Diminished fear responses
s_1021,Diminished superficial reflexes
s_207,Diplopia
s_1232,Diplopia while looking down and medially
s_1235,Diplopia while looking in any direction
s_1229,Diplopia with horizontal image dispersion
s_1231,Diplopia with vertical or oblique image dispersion
s_297,Discharge from ear
s_1577,Discharge from ear/bloody
s_1994,Discharge from ear/purulent
s_302,Discharge from periodontal pockets
s_369,Discharge from urethra
s_1109,Discharge in tympanic cavity
s_301,Discharge under foreskin
s_1007,Disinhibition
s_731,Disorganized behavior
s_1265,Dissociated sensory loss
s_501,Distance misjudgment
s_730,Diurnal mood variation
s_1236,Divergent strabismus
s_1731,Dix-Hallpike maneuver/rotatory nystagmus
s_370,Dizziness
s_1479,Dizziness/head rotation
s_2023,Dizziness/recurrent
s_2118,Dizziness/unbearable
s_936,Dizziness/vertigo
s_827,Drinking alcohol at work
s_819,Drinking alcohol despite awareness of harmful effects
s_828,Drinking alone
s_198,Drinking large quantities of alcohol
s_199,Drinking large quantities of alcohol at one time
s_109,Drinking to ease hangover
s_1158,Drooping lower eyelid
s_432,Drooping mouth corner
s_974,Drop attack
s_823,Drunk driving
s_489,Dry discharge on eyelids
s_247,Dry mouth
s_542,Dry skin
s_385,Dry/cracked skin/bleeding occasionally
s_315,Dysarthria
s_59,Dysmenorrhea
s_1432,Dyspepsia
s_962,Dysphagia
s_1779,Dysphagia/esophageal
s_1776,Dysphagia/oropharyngeal
s_68,Dysphonia
s_1958,Dysphonia/over 2 weeks
s_88,Dyspnea
s_92,Dyspnea/acute
s_2075,Dyspnea/acute (trauma related)
s_1625,Dyspnea/chronic
s_1333,Dyspnea/exacerbating during exercise
s_563,Dyspnea/orthopnea
s_1317,Dyspnea/paroxysmal nocturnal
s_2015,Dyspnea/resting
s_90,Dyspnea/subacute
s_1185,Dyspnea/with flare-ups and remissions
s_1298,Dystonia
s_291,Ear canal swelling
s_47,Earache
s_234,Easy bruising
s_700,Edema
s_171,Edema/ankle joint
s_623,Edema/ankles
s_2093,Edema/both hands
s_175,Edema/both lower limbs
s_1581,Edema/costochondral junctions
s_701,Edema/daytime
s_699,Edema/dependent on the body position
s_1635,Edema/elbow joint
s_616,Edema/face
s_1995,Edema/feet
s_1311,Edema/finger
s_2103,Edema/foot
s_1652,Edema/hip joint
s_174,Edema/joint
s_170,Edema/knee joint
s_1433,Edema/lip
s_363,Edema/neck
s_702,Edema/nighttime
s_1996,Edema/nose
s_1464,Edema/one hand
s_173,Edema/one lower limb
s_1442,Edema/periorbital
s_562,Edema/pitting
s_176,Edema/scrotum
s_1655,Edema/shoulder joint
s_1997,Edema/toe
s_1447,Edema/upper limb
s_1431,Edema/wrist joint
s_633,Elevated mood
s_1166,Enamel hypoplasia
s_272,Enamel lesions/caries
s_219,Enlarged breasts
s_1052,Enlarged kidneys
s_220,Enlarged lymph nodes
s_1057,Enlarged salivary glands
s_480,Enlargement of hands/feet/or face
s_1103,Enlargement of the lymphoid tissue in the pharynx
s_1071,Epicritic sensation loss or impairment in fingertips
s_733,Erectile dysfunction
s_229,Erythema
s_1469,Erythema and scaling on large portion of body
s_202,Erythema migrans
s_323,Erythema of skin overlying a joint
s_1468,Erythema/facial
s_230,Erythema/facial/butterfly-shaped
s_1314,Erythema/finger
s_433,Erythema/foreskin or head of the penis
s_557,Erythema/hand
s_325,Erythema/limb
s_179,Erythema/limb/hot to the touch
s_1125,Erythema/palmar
s_1791,Erythema/scalp
s_2003,Erythema/toe
s_1999,Erythema/vulva
s_1498,Erythematous tonsils
s_132,Excess of hair
s_723,Excessive fear in public situations
s_1304,Excessive saliva production
s_216,Excessive sweating
s_122,Excessive tear production
s_1290,Excessive uterine enlargement in comparison to assumed duration of pregnancy
s_725,Excessive worry about the health of a child
s_1163,Exophthalmos
s_606,Eye flashes
s_493,Eye pain
s_485,Eyelid lesion/itching and painful
s_486,Eyelid lesion/red and warm
s_484,Eyelid lesion/red lump with yellow tip
s_591,Eyelid tremors
s_235,Eyelid twitching
s_488,Eyes sensitive to light
s_1156,Facial muscle paresis
s_1425,Facial muscle spasms
s_478,Facial pain
s_1203,Facial pain/longer than a few hours
s_1436,Facial pain/paranasal sinus
s_427,Facial pain/periodic
s_1194,Facial pain/severe
s_425,Facial pain/stabbing
s_426,Facial pain/triggered by eating/touching/brushing teeth
s_424,Facial pain/unilateral
s_2100,Fatigue
s_1547,Fatigue/for more than six months
s_516,Fear of dying
s_1087,Fear of going insane
s_1088,Fear of losing control
s_157,Fear of obesity
s_244,Fear of object/situation/action
s_721,Fear of public appearances
s_1587,Feeling detached from your body
s_274,Feeling hot
s_205,Feeling of guilt
s_206,Feeling of guilt or shame after drinking alcohol
s_629,Feeling of helplessness
s_632,Feeling of hopelessness
s_1565,Feeling of rectal fullness
s_507,Feeling of resignation
s_1175,Feeling of weight in scrotum
s_419,Feeling overweight despite low weight
s_279,Feeling pressure or pulsation inside the tooth
s_514,Feeling unreal
s_7,Female infertility
s_2010,Fetal membranes rupture
s_2125,Fetal membranes rupture/purulent or malodorous amniotic fluid
s_98,Fever
s_100,Fever between 100.4 and 104 °F (38 and 40 °C)
s_99,Fever between 98.6 and 100.4°F (37 and 38°C)
s_2000,Fever greater than 104 °F (40 °C)
s_1186,Fever with flare-ups and remissions
s_1820,Fever/temperature not measured
s_636,Financial recklessness
s_77,Fine downy hair
s_660,Fits of anger
s_993,Flaccid dysarthria
s_1079,Flaccid paresis
s_1080,Flaccid paresis/symmetrical
s_772,Flat affect
s_504,Foamy urine
s_1909,Foot drop
s_1645,Foot pain/back of the foot/during single-leg heel raise
s_1799,Forearm pain
s_146,Forgetting names of close friends and family
s_204,Forward-leaning posture
s_525,Foul-smelling stools
s_1401,Frequent bowel movement
s_505,Frequent infections
s_532,Frequent infections/lower respiratory tract
s_531,Frequent infections/upper respiratory tract
s_215,Frequent urination
s_75,Frequent urination/large quantities
s_990,Frontal release signs
s_366,Frothy/yellow-green vaginal discharge
s_547,Galactorrhea
s_2032,Gambling
s_2024,Gambling/pathological
s_1570,Gastric symptoms after eating or drinking foods containing lactose
s_1767,Gastrointestinal complaints/stress-related
s_583,General anxiety
s_1226,Genu varum
s_1090,Glassy eyes
s_513,Globus sensation
s_1302,Goldflam sign
s_1263,Gonda-Allen sign
s_1254,Gordon sign
s_756,Gottron's papules
s_639,Grandiosity
s_1294,Grape-like vaginal discharge
s_322,Gum erythema
s_19,Gum pain
s_586,Gynecomastia
s_121,Hair loss
s_618,Hairy leukoplakia
s_65,Halitosis
s_686,Hallucinations
s_682,Hallucinations/auditory
s_683,Hallucinations/gustatory
s_684,Hallucinations/olfactory
s_685,Hallucinations/tactile
s_681,Hallucinations/visual
s_1246,Hard lump in inguinal region
s_1248,Hard lump in inguinal region/dark or bluish discoloration
s_1247,Hard lump in inguinal region/irreducible
s_1249,Hard lump in inguinal region/tender
s_1346,Hard retinal exudates
s_191,Head drop
s_1230,Head tilt in order to avoid diplopia
s_85,Head tremors
s_21,Headache
s_1870,Headache/attack lasting 4 to 72 hours
s_1868,Headache/attack lasting five minutes to four hours
s_1901,Headache/attack lasting three to seven days
s_1907,Headache/attack lasting up to five minutes
s_1535,Headache/chronic
s_1762,Headache/exacerbated by increased stress
s_625,Headache/exacerbating by tilting head forward
s_799,Headache/exacerbating in the morning
s_1349,Headache/forehead
s_24,Headache/generalized
s_604,Headache/lancinating
s_1780,Headache/mild
s_1781,Headache/moderate
s_970,Headache/occipital
s_23,Headache/pressing
s_25,Headache/pulsating
s_1912,Headache/recent
s_605,Headache/series over a period of time
s_1193,Headache/severe
s_1905,Headache/sudden onset
s_22,Headache/unilateral
s_1864,Headache/worst headache in life
s_841,Hearing voices arguing
s_840,Hearing voices commenting
s_338,Heartburn
s_273,Heavy legs at the end of the day
s_158,Heavy or prolonged menstrual periods
s_1922,Heel drop test
s_761,Heliotrope rash around eyes
s_1170,Hemarthrosis
s_306,Hematemesis
s_814,Hemianopsia bitemporalis
s_1005,Hemiparesis
s_1022,Hemiplegia
s_116,Hemoptysis
s_1051,Hepatomegaly
s_1295,Hiccups
s_1108,High-arched palate
s_757,Holster sign
s_957,Homonymous hemianopsia
s_373,Honey-colored crust on the skin
s_280,Hot flashes
s_1481,Hyperalgesia
s_1891,Hypersensitivity to smells
s_1150,Hypersensitivity to sound
s_543,Hypertension/high blood pressure
s_1933,Hypertension/over 180 mmHg
s_1159,Hypesthesia of half of the face
s_679,Hypochondriacal delusions
s_1876,Hypomenorrhea
s_180,Hypopigmentation of the skin
s_570,Hypopyon
s_533,Hypotension
s_341,Illusion of surroundings being bigger or smaller than they actually are
s_317,Impaired balance while walking
s_631,Impaired concentration
s_1241,Impaired downward eye motion
s_1227,Impaired lateral eye motion
s_1240,Impaired medial eye motion
s_316,Impaired memory
s_825,Impaired memory/alcohol-related amnesia
s_619,Impaired memory/finding objects of everyday use
s_830,Impaired memory/short term
s_1095,Impaired smell
s_716,Impaired social functioning
s_1239,Impaired upward eye motion
s_320,Impaired vision
s_1819,Impaired vision in one eye
s_1146,Impaired vision on side with painful temple
s_1818,Impaired vision/recent onset
s_1384,Impulsive behavior
s_2086,Inability to bear weight
s_1385,Inability to complete tasks
s_1300,Inability to move mandible sideways
s_1551,Inability to pass flatus
s_711,Inability to remember important aspects of a traumatic experience
s_150,Inability to stop drinking alcohol
s_223,Inability to stop flow of urine
s_361,Increase in sexual experiences or sensations needed to attain desired effect
s_277,Increased abdominal girth
s_311,Increased appetite
s_1488,Increased expiratory phase
s_421,Increased libido
s_991,Increased masseter reflex
s_1278,Increased palatine reflex
s_1279,Increased pharyngeal reflex
s_310,Increased thirst
s_917,Insomnia
s_1745,Instability in knee
s_1383,Intense/non-committal relationships
s_358,Intermittent urine flow
s_1084,Interosseous muscles atrophy/feet
s_1083,Interosseous muscles atrophy/hands
s_1416,Intraretinal microvascular abnormalities
s_1411,Iris neovascularization
s_1440,Irregular menstruations
s_540,Irritability
s_80,Irritability when unable to engage in activity related to sex
s_614,Itching after a hot shower or bath
s_249,Itching around anus
s_253,Itching in crotch
s_255,Itching in ear
s_1563,Itching of eyes
s_252,Itchy throat and nose
s_1271,Jacobsohn sign
s_1718,Janeway lesion
s_332,Jaundice
s_334,Jaundice during increased stress
s_336,Jaundice during infectious disease
s_335,Jaundice following intense physical exertion
s_1961,Jaw pain
s_359,Joint deformation
s_2087,Joint deformation/posttraumatic
s_44,Joint pain
s_576,Joint pain/aggravated during cold/damp weather
s_1621,Joint pain/ankle
s_1623,Joint pain/during ankle movement
s_1634,Joint pain/during elbow movement
s_1823,Joint pain/during hip movement
s_1610,Joint pain/during knee movement
s_29,Joint pain/during movement in the morning
s_1805,Joint pain/during shoulder movement
s_1641,Joint pain/during thumb movement
s_1636,Joint pain/during wrist movement
s_1632,Joint pain/elbow
s_79,Joint pain/hallux
s_11,Joint pain/hip
s_581,Joint pain/knee
s_41,Joint pain/severe/as a result of an injury
s_1654,Joint pain/shoulder
s_1201,Joint pain/sudden
s_1656,Joint pain/tenderness
s_1639,Joint pain/thumb
s_1430,Joint pain/wrist
s_575,Joint stiffness
s_1472,Kayser–Fleischer ring
s_1689,Kernig's sign
s_664,Koplik's spots
s_1451,Kussmaul breathing
s_778,Lack of boundaries in interpersonal relations
s_1006,Lack of initiative/motivation/or drive
s_964,Lateropulsion
s_1282,Lead-pipe rigidity
s_1014,Left limb-kinetic apraxia
s_658,Lengthening of reaction time
s_550,Lens clouding
s_666,Leopard-like spots on the skin
s_1378,Levine's sign
s_1054,Lhermitte's sign
s_1793,Lice eggs or nits on hair shafts
s_1927,Limping due to pain
s_1324,Lisch nodules
s_763,Livedo reticularis
s_1407,Local dark retinal blood vessels that lie in folds
s_1405,Local elevation of retina
s_1406,Local grey discoloration of retina
s_1408,Local retinal undulation
s_228,Loose teeth
s_1115,Loss of body hair
s_1543,Loss of consciousness
s_190,Loss of consciousness/with urination or defecation
s_287,Loss of interest in activities previously enjoyed/lasting at least two weeks
s_622,Loss of muscle mass
s_564,Loss of muscle mass/hands
s_1070,Loss of sense of vibration in distal parts of extremities
s_747,Loss of temperature sensation/impaired temperature sensation
s_1394,Loss of the lingual papillae
s_1027,Loss of vision in a superior quadrant
s_746,Loss or impairment of proprioception
s_155,Low self-esteem
s_1404,Lower intraocular pressure (> 4-5mmHg) in affected eye compared to unaffected eye
s_1618,Lower limb tenderness
s_1622,Lower limb tenderness/calf
s_1173,Lump in scrotum
s_420,Lying about eating/hiding food
s_2029,Lying to hide the extent of your gambling
s_1733,Lymph node pain
s_2077,Major bleeding
s_779,Making rash or impulsive decisions
s_289,Malocclusions
s_1403,Marcus Gunn pupil
s_665,Measles rash
s_760,Mechanic's hand
s_1261,Mendel-Bechterev sign
s_415,Menstrual period more than three weeks late
s_1768,Mental disturbances exacerbated by stress
s_2078,Minor uncontrollable bleeding
s_537,Miosis
s_212,Miscarriage
s_1274,Moniz sign
s_646,Mood swings
s_258,Morning stiffness of hand joints
s_1297,Motor retardation
s_1104,Mouth breathing
s_1,Mouth ulcers
s_1210,Mucosal pallor
s_1213,Mucosal pallor/sudden
s_642,Mucous secretion in stool
s_567,Murphy's sign
s_503,Muscle cramps
s_650,Muscle weakness
s_744,Muscle weakness/ascending
s_766,Muscle weakness/large proximal muscles
s_743,Muscle weakness/legs
s_767,Muscle weakness/standing up or climbing stairs
s_1142,Myalgia
s_748,Myalgia/deep and dull
s_1766,Myalgia/exacerbated by stress
s_536,Mydriasis
s_1476,Myringitis
s_603,Nail clubbing
s_1167,Nail dystrophy
s_2005,Nail pain
s_360,Narrowing of the mouth/difficulty opening mouth
s_107,Nasal catarrh
s_331,Nasal congestion
s_1812,Nasal congestion/chronic
s_524,Nasal polyps
s_1303,Nasal speech
s_156,Nausea
s_1388,Neck asymmetry
s_1483,Neck pain
s_965,Neck pain/unilateral
s_671,Neck vein distention
s_327,Need to smoke cigarette when waking up
s_820,Neglecting family/work/or hobbies due to alcohol
s_326,Neglecting obligations such as work/study/or family to pursue sex or think about sex
s_143,Nervousness or weepiness
s_1086,Neural tenderness
s_2080,Neurological deficit/since less than 24 hours
s_2083,Neurological deficit/since more than 24 hours
s_678,Nihilistic delusions
s_1422,Nipple discharge
s_2079,No bleeding
s_182,Nocturia
s_300,Nodule located in breast
s_1217,Nonmenstrual vaginal bleeding or spotting
s_822,Nonstop drinking for several days
s_1605,Nose pain
s_2016,Nosebleed/single episode
s_1429,Nosebleeds
s_2017,Nosebleeds/recurrent
s_1305,Numbness of part of ear
s_1148,Numbness of tongue
s_377,Numerous nevi
s_479,Nystagmus
s_1721,Nystagmus/horizontal
s_127,Obsessions
s_687,Obsessions/fears
s_688,Obsessions/images
s_1237,Ocular bulb rotation laterally and downward
s_1234,Ocular bulb rotation medially and upward
s_750,Ocular motility disorder
s_1147,Oculomotor nerve palsy
s_509,Odynophagia
s_362,Oily skin
s_1877,Oligomenorrhea
s_185,Oliguria
s_1313,One finger pain
s_1107,Opacified tympanic membrane
s_389,Open comedones
s_1256,Oppenheim sign
s_1410,Optic disc neovascularization
s_1329,Optic nerve disc pallor
s_868,Orbicularis oris muscle spasm
s_844,Organic cause
s_541,Orthostatic hypotension
s_1719,Osler nodes
s_1289,Ovarian enlargement
s_1110,Overbite
s_371,Overwork
s_1180,Pain behind ear
s_1382,Pain caused by firm pressure on tibia
s_2092,Pain in both feet
s_2091,Pain in both hands
s_1453,Pain in both lower limbs
s_1112,Pain in both lower limbs/stocking distribution
s_1452,Pain in both upper limbs
s_28,Pain in crotch
s_34,Pain in crotch/sudden
s_554,Pain in fingers or hand
s_60,Pain in glans penis
s_1250,Pain in groin during coughing/sneezing or laughing
s_579,Pain in lower limb
s_1620,Pain in lower limb/calf
s_232,Pain in lower limb/calf/severe while walking
s_732,Pain in lower limb/calf/severe while walking/intermittent claudication
s_1930,Pain in lower limb/severe
s_1893,Pain in lower limb/thigh
s_578,Pain in one foot
s_52,Pain in scrotum
s_430,Pain in temporomandibular joint while yawning/chewing/or biting
s_1878,Pain in the back of the leg/above the heel
s_580,Pain in upper limb
s_1935,Pain in upper limb/severe
s_476,Pain increases when touching ear area
s_54,Pain near eye socket
s_39,Pain while urinating
s_1393,Painful defecation
s_33,Painful ejaculation
s_32,Painful intercourse
s_2119,Painless wound
s_1371,Palatine petechiae
s_10,Pale and brittle nails
s_569,Pale or clay-colored stools
s_9,Pale skin
s_298,Palpable neck mass
s_110,Palpitations
s_2002,Palpitations/over 5 minutes
s_2004,Palpitations/recurrent
s_722,Panic attacks in public appearances
s_803,Papilledema
s_101,Papule or nodule smaller than 1 cm in diameter
s_838,Paralogical thinking
s_1296,Paralysis/limb
s_1486,Paraspinal muscle tenderness
s_148,Paresis/limb
s_268,Paresis/limb/upper limbs
s_518,Paresthesia
s_126,Paresthesia around the mouth
s_1066,Paresthesia in both upper limbs/glove distribution
s_125,Paresthesia in feet
s_1069,Paresthesia/ascending
s_1063,Paresthesia/both lower limbs
s_973,Paresthesia/both upper limbs
s_971,Paresthesia/face
s_83,Paresthesia/limbs
s_2001,Paresthesia/one lower limb
s_1449,Paresthesia/one upper limb
s_1932,Paresthesia/sudden onset
s_1068,Paresthesias/symmetrical
s_529,Parotid swelling
s_1800,Past appendectomy
s_1801,Past cholecystectomy
s_1715,Pathologic fractures
s_795,Pencil-thin stools
s_2043,Penile itching
s_1380,Pericardial friction rub
s_1312,Perionychial pain
s_1018,Perseveration
s_594,Petechiae
s_1367,Pharyngeal erythema
s_20,Pharyngeal pain
s_1826,Pharyngeal pain/unilateral
s_1102,Pharyngeal swelling/bilateral
s_1390,Pharyngeal swelling/unilateral
s_915,Phobia
s_2088,Physical injury symptom
s_281,Physical trauma (to self or others) after drinking alcohol
s_1379,Pill-rolling tremor
s_1437,Pleural effusion
s_1396,Pleural friction rub
s_770,Poor personal hygiene
s_1093,Positive allergy challenge
s_1092,Positive skin allergy (prick or patch) test
s_1471,Postnasal drip
s_225,Premature graying
s_69,Preoccupation with food
s_1323,Presence of neurofibromas
s_1162,Pretibial myxedema
s_1397,Priapism
s_123,Problems with everyday tasks such as washing/eating/dressing
s_593,Prolonged bleeding time
s_777,Prolonged nighttime sleep
s_1089,Prostate enlargement
s_254,Pruritus
s_251,Pruritus/aggravated by change in temperature/sweating/or wearing wool
s_2033,Pruritus/foot
s_250,Pruritus/most intense at night
s_1617,Pruritus/scalp
s_1548,Pseudomembrane in throat or nose
s_649,Psychomotor retardation
s_653,Pupil dilation variation
s_1238,Pupil or pupils unreactive to accomodation
s_762,Purpuric rash
s_1915,Purpuric rash/palpable
s_1315,Pus under the skin of the finger
s_388,Pustule
s_989,Pyramidal signs
s_637,Quickening of thoughts and speech
s_2084,Raccoon eyes
s_417,Rash
s_706,Re-experiencing the psychological trauma in nightmares
s_705,Re-experiencing the psychological trauma in recurring flashbacks
s_708,Re-experiencing the psychological trauma through physiological reactivity
s_707,Re-experiencing traumatic event
s_1494,Rebound tenderness
s_528,Recent alcohol consumption
s_1029,Receptive aphasia
s_142,Recurrent gastric ulcers
s_139,Recurrent tonsils inflammation
s_72,Red and stinging conjunctivae
s_692,Red and swollen oral mucosa
s_492,Red eye
s_384,Red maculas with silver-white/flaky scales
s_1301,Red macules
s_73,Red stretch marks on abdomen/hips or thighs
s_1181,Redness behind the ear
s_1145,Redness in temporal region
s_758,Redness on shoulders and nape of neck
s_410,Reduced body temperature
s_572,Reduced degree of facial expression
s_2008,Regular uterine contractions
s_330,Regurgitation
s_780,Religious delusion
s_2076,Respiratory distress (trauma related)
s_186,Restricted mobility/problem bending over
s_1903,Restricted passive range of joint motion
s_1713,Restricted range of joint motion
s_1418,Retinal artery occlusions
s_1344,Retinal hemorrhage
s_1412,Retinal microaneurysms
s_1415,Retinal neovascularization elsewhere
s_1414,Retinal swelling
s_343,Retraction or indentation of nipple
s_1055,Retrobulbar neuritis
s_1533,Rhinitis triggered by environment
s_1682,Rhinophyma
s_816,Risky drinking
s_1738,Romberg's sign
s_1377,Rose spots on lower chest and abdomen
s_1255,Rossolimo's sign
s_1937,Roundworms in stool
s_1732,Rovsing's sign
s_1141,Russell's sign
s_1285,Sagging of the palate ipsilateral to suspected nerve damage
s_1544,Scarlet fever rash
s_1259,Schaeffer's sign
s_836,Schizophasia
s_1492,Scleral icterus
s_124,Scotoma/eye floaters
s_1342,Scrotal transillumination
s_835,Seasonal pattern of depressive symptoms
s_829,Secret drinking
s_2045,Seizures
s_189,Seizures with loss of consciousness
s_539,Seizures without loss of consciousness
s_568,Self-disgust after binge eating
s_423,Sense of self-worth dependent on weight
s_972,Sensory loss in both arms
s_313,Sensory loss in one limb
s_959,Sensory loss involving the face
s_2089,Serious injury/respiratory difficulty/severe bleeding/new neurological problem
s_2081,Severe pain/trauma related
s_2,Sexual activity in recent months
s_74,Sexual activity more often or with more partners than intended
s_1399,Shafer's sign
s_1462,Shallow breathing
s_648,Simple auditory paradelusions
s_647,Simple visual paradelusions
s_1496,Sinuses tender to palpation
s_654,Skin and blood vessel inflammation
s_1470,Skin desquamation
s_1831,Skin mass
s_1830,Skin mass greater than 1 cm in diameter
s_1931,Skin mass/bleeding
s_382,Skin mole or birthmark with diameter greater than 6 mm
s_381,Skin mole or birthmark with irregular border
s_1674,Skin pain
s_43,Skin pain/severe
s_1209,Skin pallor/sudden
s_376,Skin phototype I or II
s_1650,Skin thickening
s_1474,Skull lesions
s_319,Sleep disorder
s_238,Slower gait
s_93,Smoking large quantity of cigarettes
s_308,Smoking most cigarettes in the morning
s_271,Smooth face without wrinkles
s_715,Sneeze
s_136,Sneezing attacks
s_67,Snoring
s_659,Social isolation
s_773,Social maladjustment
s_1242,Soft lump in inguinal region
s_1244,Soft lump in inguinal region/decreasing while supine
s_1243,Soft lump in inguinal region/enlarging during increase in abdominal pressure
s_1245,Soft lump in inguinal region/reducible
s_1347,Soft retinal exudates
s_1426,Spasms in upper extremities
s_992,Spastic dysarthria
s_571,Spasticity
s_213,Spending a lot of time on sex-related activity
s_1536,Spine asymmetry
s_259,Spine or joint stiffness subsiding after exercise
s_1169,Splenic agenesis
s_1045,Splenomegaly
s_1434,Steatorrhea
s_1270,Sterling's sign
s_1381,Sternal rub
s_418,Stiff neck
s_257,Stiffness of spine in the morning
s_880,Stimulants use (amphetamine/cocaine)
s_201,Stinging eyes and feeling of sand under eyelids
s_1260,Stransky's sign
s_1467,Strawberry tongue
s_1562,Stridor
s_544,Stroke
s_1275,Strumpell's sign
s_1067,Sudden face flushing
s_530,Sudden increase in blood pressure
s_1139,Suicidal thoughts
s_1140,Suicidal thoughts with plan and steps taken
s_1943,Sunburn
s_698,Sunken eyeballs
s_221,Surface of lesion on genitals resembles cauliflower
s_383,Suspicious mole or birthmark
s_214,Sweating on forehead on painful side
s_217,Sweating/night
s_1182,Swelling in the mastoid region
s_1099,Swelling of nasal concha
s_1097,Swelling of nasal mucosa
s_1144,Swelling of temporal artery
s_1098,Swollen blue or bluish-gray nasal mucosa
s_177,Swollen cheek
s_172,Swollen gums
s_1081,Symmetrical flaccid paresis in lower limbs (mainly feet)
s_1082,Symmetrical flaccid paresis in upper limbs (mainly hands)
s_162,Symptoms appear after taking painkillers/change in diet
s_602,Symptoms do not occur during sleep
s_558,Symptoms exacerbated by cold temperature
s_160,Symptoms increase in evening
s_165,Symptoms occur several hours after drinking excessive alcohol
s_161,Symptoms regularly appear a few days before menstrual period
s_164,Symptoms subside when menstrual period begins
s_261,Tachycardia
s_227,Tachypnea
s_1153,Taste disorder in anterior two-thirds of tongue
s_1096,Taste disorders
s_545,Telangiectasias
s_1685,Telangiectasias/face
s_1465,Temporary blindness
s_640,Tenesmus
s_1114,Terry's nails
s_487,Thick eye discharge
s_1790,Thickened nails
s_386,Thickened nails with pits or grooves
s_2039,Third-degree burn
s_1276,Throckmorton's sign
s_555,Tingling fingers
s_1899,Tingling fingers/first three digits
s_1900,Tingling fingers/fourth and fifth digits
s_407,Tinnitus
s_937,Tinnitus/low frequency
s_1466,Tinnitus/pulsatile
s_1833,Toe pain
s_1085,Toenail dystrophy
s_673,Tongue enlargement
s_607,Tongue erythema
s_995,Tongue muscle atrophy
s_1534,Tonsil stones
s_1050,Tooth loss
s_551,Toothache
s_55,Toothache after contact with cold/sweet/or hot food
s_56,Toothache while chewing
s_339,Toothache/reduced after cold foods or drinks
s_233,Toothache/severe
s_231,Toothache/strong reaction to heat
s_1100,Transverse furrow on the nose
s_1421,Tremor/flapping
s_1264,Tremor/intention
s_1454,Tremor/kinetic
s_1455,Tremor/resting
s_538,Tremors
s_87,Tremors/both hands
s_86,Tremors/in one hand
s_1765,Tremors/stress-related
s_84,Tremors/subside after drinking alcohol
s_590,Tremors/tongue
s_601,Tremors/worsen after caffeine intake
s_1056,Trigeminal neuralgia
s_256,Trismus
s_1262,Tromner's sign
s_1074,Trophic changes
s_1076,Trophic ulcer
s_1078,Trophic ulcer on the plantar side of the foot
s_691,Trouble beginning urination
s_644,Trouble planning the future
s_866,Trousseau sign of latent tetany
s_1366,Tympanic membrane light reflex distortion
s_672,Ulcer on skin
s_194,Ulceration on nipple
s_351,Ulcerations or abscesses near the anus
s_668,Unilateral enophthalmos
s_149,Unilateral facial paresis
s_1586,Unilateral vulval swelling
s_510,Urethral discharge when pressing the penis
s_153,Urinary incontinence
s_696,Urinary retention
s_690,Urinary urgency
s_689,Urination in small amounts
s_183,Urination while coughing or laughing or during physical exertion
s_393,Urticaria
s_791,Urticaria triggered by cold
s_793,Urticaria triggered by heat
s_790,Urticaria triggered by prolonged pressure on the skin
s_789,Urticaria triggered by scratching
s_794,Urticaria triggered by sunlight
s_243,Using methods to lose weight: vomiting/starvation diets
s_1287,Uvula deviation towards unaffected side
s_759,V-shaped redness on chest
s_64,Vaginal discharge with unpleasant odor
s_1569,Vaginal discharge/scant/white/clumpy and odorless
s_1811,Vaginal dryness
s_2082,Vascular compromise
s_1031,Verbal learning disability
s_1318,Vesicular exanthema of mouth or ear
s_824,Violating social norms after drinking alcohol
s_290,Visible and palpable enlarged vein of limb/chest or abdomen
s_1792,Visible head lice on scalp
s_1034,Visual agnosia
s_494,Visual field narrowing
s_1398,Vitreous hemorrhage
s_305,Vomiting
s_1949,Vomiting/every time after meal
s_307,Vomiting/less than one hour after meal
s_1365,Vomiting/more often in the morning
s_801,Vomiting/projectile
s_1875,Vulvovaginal burning
s_630,Vulvovaginal itching
s_1829,Vulvovaginal pain
s_1219,Waist-hip ratio (WHR) over 0.85 in women
s_1218,Waist-hip ratio (WHR) over 1.0 in men
s_776,Waking up early
s_1155,Weak eye clenching
s_1280,Weak or absent pharyngeal reflex
s_1348,Weak peripheral pulses
s_735,Weak pulse in legs
s_1332,Weakness exacerbates after exercise
s_226,Weight gain
s_285,Weight loss
s_237,Weight loss without loss of appetite
s_1402,Weiss ring
s_1340,Westphal's sign
s_474,Wheezing/audible
s_1788,White nail discoloration
s_1673,White oral plaques
s_1796,White patch on cornea
s_1183,Winterbottom's sign
s_1980,Wound
s_1981,Wound infection
s_342,Wrinkling or dimpling of skin on breast
s_1910,Wrist drop
s_613,Xanthelasma
s_1561,Xanthoma
s_1789,Yellow nail discoloration
